City_ID,City,Lat,Lng,Max Temp,Humidity,Clouds,Wind,Country,Date
0,Vaini,-21.2,-175.2,86.16,79,75,11.5,TO,1645755901
1,North Las Vegas,36.1989,-115.1175,49.42,24,0,8.05,US,1645755775
2,Kapaa,22.0752,-159.319,79.12,68,20,13.8,US,1645755902
3,Joshīmath,30.5667,79.5667,36.34,77,84,5.91,IN,1645755902
4,Camargo,27.6667,-105.1667,68.67,6,35,14.9,MX,1645755750
5,Bambous Virieux,-20.3428,57.7575,77.25,88,40,3.44,MU,1645755903
6,Chui,-33.6971,-53.4616,70.05,89,94,9.53,UY,1645755904
7,Matagami,49.7502,-77.6328,-7.49,77,0,2.3,CA,1645755904
8,Port-Gentil,-0.7193,8.7815,81.61,78,100,8.08,GA,1645755905
9,Rikitea,-23.1203,-134.9692,79.52,66,97,2.93,PF,1645755905
10,Mataura,-46.1927,168.8643,67.48,43,1,1.34,NZ,1645755906
11,Barrow,71.2906,-156.7887,-5.78,77,100,17.27,US,1645755906
12,Ushuaia,-54.8,-68.3,47.86,93,75,9.22,AR,1645755668
13,Laas,46.6166,10.7002,36.86,88,18,4.47,IT,1645755907
14,Tuktoyaktuk,69.4541,-133.0374,-18.4,76,20,8.05,CA,1645755907
15,Kaitangata,-46.2817,169.8464,63.93,77,0,6.31,NZ,1645755907
16,Jasper,37.2001,-94.3502,23.27,84,100,14.97,US,1645755908
17,Punta Arenas,-53.15,-70.9167,53.71,76,0,9.22,CL,1645755855
18,Batagay-Alyta,67.8006,130.4114,5.77,91,100,10.27,RU,1645755909
19,Poum,-20.2333,164.0167,82.69,75,68,12.95,NC,1645755909
20,Naliya,23.2667,68.8333,66.88,69,0,5.59,IN,1645755910
21,Camaná,-16.6228,-72.7111,72.5,86,92,7.11,PE,1645755910
22,Ahipara,-35.1667,173.1667,68.83,76,65,3.62,NZ,1645755910
23,Norman Wells,65.282,-126.8329,10.44,85,75,2.3,CA,1645755911
24,Torbay,47.6666,-52.7314,22.57,82,100,17.27,CA,1645755911
25,Hermanus,-34.4187,19.2345,69.8,88,99,11.72,ZA,1645755911
26,Ankang,32.68,109.0172,51.48,45,69,0.51,CN,1645755912
27,Sokoni,-6.4333,39.55,81.46,79,100,9.53,TZ,1645755912
28,Castro,-24.7911,-50.0119,65.82,93,13,3.51,BR,1645755870
29,Todos Santos,23.45,-110.2167,71.01,85,9,6.62,MX,1645755913
30,Hambantota,6.1241,81.1185,77.34,94,20,9.22,LK,1645755913
31,Butaritari,3.0707,172.7902,82.22,77,67,19.04,KI,1645755914
32,São Filipe,14.8961,-24.4956,70.39,76,7,11.92,CV,1645755914
33,Paide,58.8856,25.5572,35.89,83,100,13.0,EE,1645755915
34,Aklavik,68.2191,-135.0107,5.83,100,90,6.87,CA,1645755915
35,Hong Kong,22.2855,114.1577,62.26,77,47,4.0,HK,1645755915
36,Jamestown,42.097,-79.2353,31.32,48,100,10.36,US,1645755916
37,Polis,35.0367,32.4264,53.42,91,90,8.46,CY,1645755916
38,Fortuna,40.5982,-124.1573,47.19,76,75,3.78,US,1645755916
39,Faanui,-16.4833,-151.75,81.3,74,11,12.37,PF,1645755917
40,Smidovich,48.6,133.8167,19.33,88,77,9.86,RU,1645755917
41,Atuona,-9.8,-139.0333,78.84,76,13,19.84,PF,1645755918
42,Saint Paul Harbor,57.79,-152.4072,42.31,87,100,18.41,US,1645755918
43,Haifa,32.8156,34.9892,53.2,93,49,1.01,IL,1645755919
44,Clyde River,70.4692,-68.5914,-16.37,76,100,20.71,CA,1645755919
45,Chokurdakh,70.6333,147.9167,-4.77,89,100,12.55,RU,1645755919
46,Khatanga,71.9667,102.5,-22.02,100,39,2.86,RU,1645755920
47,Banjar,-8.19,114.9675,85.91,74,98,4.09,ID,1645755920
48,Hobart,-42.8794,147.3294,66.02,61,75,12.66,AU,1645755921
49,Grindavik,63.8424,-22.4338,32.47,80,75,17.27,IS,1645755921
50,Meulaboh,4.1363,96.1285,78.94,76,57,3.49,ID,1645755921
51,Albany,42.6001,-73.9662,27.09,58,43,3.06,US,1645755894
52,Hilo,19.7297,-155.09,77.25,80,0,7.0,US,1645755922
53,Ponta do Sol,32.6667,-17.1,64.06,72,68,8.32,PT,1645755922
54,Udachny,66.4167,112.4,-19.44,100,100,4.54,RU,1645755923
55,Marsá Maţrūḩ,31.3525,27.2453,57.4,58,40,23.02,EG,1645755923
56,Harper,4.375,-7.7169,78.98,87,70,8.14,LR,1645755924
57,Lubango,-14.9172,13.4925,60.91,86,20,3.15,AO,1645755924
58,Los Llanos de Aridane,28.6585,-17.9182,58.75,77,0,11.5,ES,1645755924
59,Krasnosel'kup,65.7,82.4667,12.83,97,98,5.61,RU,1645755925
60,Madang,-5.2246,145.7966,87.58,62,99,5.79,PG,1645755925
61,Lüderitz,-26.6481,15.1594,67.95,63,0,17.85,NA,1645755926
62,Airai,-8.9266,125.4092,66.97,81,99,5.12,TL,1645755926
63,Busselton,-33.65,115.3333,80.1,53,100,10.13,AU,1645755926
64,Hersbruck,49.5125,11.4339,36.73,91,92,9.86,DE,1645755927
65,Geraldton,-28.7667,114.6,79.21,65,23,12.66,AU,1645755927
66,Kaarina,60.4072,22.369,36.01,95,100,16.53,FI,1645755927
67,San Nicolas,18.1725,120.5953,86.95,61,20,8.05,PH,1645755928
68,Pisco,-13.7,-76.2167,69.85,83,0,4.61,PE,1645755928
69,Saint-Pierre,-21.3393,55.4781,74.88,88,0,3.44,RE,1645755929
70,Dingle,10.9995,122.6711,82.17,70,96,18.3,PH,1645755929
71,Nouadhibou,20.931,-17.0347,62.58,88,0,16.11,MR,1645755930
72,Lamu,-2.2717,40.902,79.02,86,100,9.42,KE,1645755930
73,Diu,20.7141,70.9822,70.9,45,4,3.94,IN,1645755930
74,Balikpapan,-1.2675,116.8289,80.94,72,100,3.87,ID,1645755931
75,Zalaegerszeg,46.84,16.8439,39.11,73,100,0.92,HU,1645755931
76,Yellowknife,62.456,-114.3525,5.52,92,75,4.61,CA,1645755932
77,Mar del Plata,-38.0023,-57.5575,66.87,87,0,9.22,AR,1645755932
78,Saint-Philippe,-21.3585,55.7679,74.79,86,100,6.46,RE,1645755933
79,Dzilam González,21.2833,-88.9333,78.94,67,1,10.36,MX,1645755933
80,Katsuura,35.1333,140.3,48.31,42,6,5.73,JP,1645755934
81,Mount Gambier,-37.8333,140.7667,73.31,43,43,17.27,AU,1645755934
82,Northam,51.0333,-4.2167,45.61,76,5,24.36,GB,1645755935
83,Port Blair,11.6667,92.75,82.44,78,20,9.22,IN,1645755704
84,Puerto Ayora,-0.7393,-90.3518,75.34,86,86,7.05,EC,1645755935
85,Zvishavane,-20.3267,30.0665,62.73,78,0,3.44,ZW,1645755936
86,Salta,-24.7859,-65.4117,73.99,87,40,8.05,AR,1645755936
87,Arraial do Cabo,-22.9661,-42.0278,76.28,87,0,3.89,BR,1645755886
88,Kiunga,-6.1219,141.2906,74.34,96,100,1.12,PG,1645755937
89,Qaanaaq,77.484,-69.3632,-14.15,57,96,5.08,GL,1645755937
90,Leningradskiy,69.3833,178.4167,-1.71,95,99,6.13,RU,1645755938
91,Talnakh,69.4865,88.3972,-7.42,80,98,8.63,RU,1645755938
92,Hamilton,39.1834,-84.5333,36.45,95,100,6.91,US,1645755939
93,Caravelas,-17.7125,-39.2481,76.82,89,1,5.14,BR,1645755939
94,Luanda,-8.8368,13.2343,77.41,86,100,8.55,AO,1645755933
95,Pouembout,-21.1333,164.9,85.95,67,100,4.03,NC,1645755940
96,Giulianova,42.7612,13.9537,50.99,36,3,3.85,IT,1645755940
97,Mahébourg,-20.4081,57.7,77.29,88,40,3.44,MU,1645755940
98,Seoul,37.5683,126.9778,47.71,56,5,5.75,KR,1645755821
99,Cleethorpes,53.5605,-0.0323,41.97,75,20,11.5,GB,1645755941
100,Diffa,13.3154,12.6113,65.64,26,6,9.75,NE,1645755941
101,Souillac,-20.5167,57.5167,77.38,88,40,3.44,MU,1645755942
102,Tura,25.5198,90.2201,64.94,64,98,2.59,IN,1645755942
103,Capinópolis,-18.6819,-49.5697,73.13,80,0,2.75,BR,1645755943
104,Saldanha,-33.0117,17.9442,62.65,96,10,9.91,ZA,1645755943
105,City of San Pedro,14.35,121.0167,85.32,62,40,8.05,PH,1645755943
106,Bengkulu,-3.8004,102.2655,80.71,70,93,4.29,ID,1645755944
107,Thompson,55.7435,-97.8558,-2.04,65,0,6.91,CA,1645755944
108,Cockburn Town,21.4612,-71.1419,75.49,62,0,22.48,TC,1645755791
109,Kaabong,3.4836,34.1492,67.59,60,100,5.48,UG,1645755945
110,Lorengau,-2.0226,147.2712,82.63,76,100,9.17,PG,1645755945
111,Nacala,-14.5428,40.6728,75.29,91,100,1.72,MZ,1645755946
112,Omsukchan,62.5333,155.8,-7.6,95,100,6.49,RU,1645755946
113,Channel-Port aux Basques,47.5702,-59.1367,20.57,77,95,22.95,CA,1645755947
114,Dikson,73.5069,80.5464,-4.58,98,100,8.43,RU,1645755947
115,Atbasar,51.8,68.3333,26.15,97,100,7.96,KZ,1645755947
116,Bluff,-46.6,168.3333,67.8,72,9,4.9,NZ,1645755948
117,Walvis Bay,-22.9575,14.5053,66.09,94,0,10.36,NA,1645755948
118,Santiago del Estero,-27.7951,-64.2615,76.6,56,55,9.1,AR,1645755949
119,Westport,41.1415,-73.3579,33.76,44,100,6.91,US,1645755949
120,East London,-33.0153,27.9116,72.68,85,20,11.45,ZA,1645755883
121,Flinders,-34.5833,150.8552,73.38,94,100,1.95,AU,1645755950
122,Port Augusta,-32.5,137.7667,95.7,36,38,13.78,AU,1645755950
123,Wallaceburg,42.593,-82.3885,25.38,80,100,13.56,CA,1645755950
124,Talcahuano,-36.7167,-73.1167,58.68,100,100,2.3,CL,1645755951
125,Agadez,19.75,10.25,56.73,20,3,9.22,NE,1645755951
126,Klaksvík,62.2266,-6.589,32.92,60,100,26.22,FO,1645755952
127,Nanortalik,60.1432,-45.2371,20.43,76,100,13.15,GL,1645755952
128,Cherskiy,68.75,161.3,-6.3,94,100,4.14,RU,1645755952
129,Bathsheba,13.2167,-59.5167,77.61,83,40,12.66,BB,1645755953
130,Daru,-9.0763,143.2092,75.24,93,100,13.22,PG,1645755953
131,Morón,-34.6534,-58.6198,69.55,98,0,2.42,AR,1645755954
132,Saint Anthony,45.0205,-93.218,12.4,84,100,8.05,US,1645755954
133,Kidal,18.4411,1.4078,73.06,13,0,10.8,ML,1645755954
134,San Cristobal,7.7669,-72.225,68.18,94,83,2.68,VE,1645755955
135,Hofn,64.2539,-15.2082,21.72,62,0,9.42,IS,1645755955
136,Oussouye,12.485,-16.5469,68.67,79,2,8.55,SN,1645755956
137,Mossamedes,-15.1961,12.1522,75.45,84,3,2.01,AO,1645755956
138,Plettenberg Bay,-34.0527,23.3716,70.59,96,76,0.78,ZA,1645755956
139,Road Town,18.4167,-64.6167,75.29,78,20,10.36,VG,1645755957
140,Avarua,-21.2078,-159.775,84.25,79,75,12.66,CK,1645755957
141,Kinango,-4.1372,39.3153,73.8,92,100,2.42,KE,1645755958
142,Järvenpää,60.4737,25.0899,36.48,85,75,17.27,FI,1645755958
143,West Wendover,40.7391,-114.0733,25.25,65,100,2.24,US,1645755958
144,Goma,-1.6792,29.2228,61.95,91,95,2.28,CD,1645755959
145,Eséka,3.65,10.7667,71.71,99,27,0.25,CM,1645755959
146,Dunedin,-45.8742,170.5036,65.8,60,22,15.01,NZ,1645755960
147,Mitú,1.1983,-70.1733,72.63,98,97,2.24,CO,1645755960
148,Tomatlán,19.9333,-105.25,69.96,68,0,2.42,MX,1645755960
149,Vanimo,-2.6741,141.3028,82.13,75,99,6.2,PG,1645755961
150,Santa Rosa,14.3122,121.1114,86.09,64,14,16.62,PH,1645755961
151,Nikolskoye,59.7035,30.7861,34.88,86,100,13.53,RU,1645755961
152,Bijie,27.3125,105.2942,35.46,95,100,2.62,CN,1645755962
153,Cape Town,-33.9258,18.4232,68.11,88,0,12.66,ZA,1645755867
154,Paciran,-6.8767,112.3761,81.59,76,85,5.7,ID,1645755962
155,Upernavik,72.7868,-56.1549,-27.81,97,100,14.41,GL,1645755963
156,Donskoye,45.4552,41.9741,39.33,85,100,14.23,RU,1645755963
157,Roald,62.5833,6.1333,39.34,70,100,6.91,NO,1645755964
158,Lagos,6.5833,3.75,80.92,92,29,3.02,NG,1645755944
159,Goderich,43.7501,-81.7165,20.91,58,85,16.11,CA,1645755964
160,Araçuaí,-16.8497,-42.0703,72.88,88,26,1.99,BR,1645755965
161,Tiksi,71.6872,128.8694,-7.67,100,100,6.04,RU,1645755965
162,Esperance,-33.8667,121.9,78.64,46,100,17.29,AU,1645755965
163,Gumia,23.7833,85.8167,69.55,55,87,1.5,IN,1645755966
164,Halifax,44.6453,-63.5724,21.25,68,0,4.61,CA,1645755814
165,New Norfolk,-42.7826,147.0587,65.66,49,95,1.99,AU,1645755966
166,Padang,-0.9492,100.3543,86.05,70,100,0.98,ID,1645755967
167,Manta,-0.95,-80.7333,78.58,83,75,4.61,EC,1645755798
168,Jalu,29.0331,21.5482,56.1,55,77,10.74,LY,1645755968
169,Chapais,49.7834,-74.8492,-18.62,100,53,2.59,CA,1645755968
170,Cabo San Lucas,22.8909,-109.9124,70.11,73,0,4.61,MX,1645755968
171,Fiumicino,41.7675,12.2291,51.78,86,0,3.44,IT,1645755969
172,Constitución,-35.3333,-72.4167,57.63,93,2,6.38,CL,1645755969
173,Narsaq,60.9167,-46.05,23.22,77,100,7.16,GL,1645755969
174,Beringovskiy,63.05,179.3167,22.5,96,100,10.87,RU,1645755970
175,Bredasdorp,-34.5322,20.0403,69.28,86,99,6.35,ZA,1645755970
176,Kosh-Agach,50.0,88.6667,-6.23,96,96,2.53,RU,1645755971
177,Saint George,37.1041,-113.5841,42.64,40,0,5.75,US,1645755971
178,Saint-Louis,16.3333,-15.0,71.29,47,0,11.25,SN,1645755971
179,Chunskiy,56.0815,99.6342,7.25,96,99,3.2,RU,1645755972
180,Yerbogachën,61.2767,108.0108,-3.55,94,99,1.86,RU,1645755972
181,Sekoma,-24.4,23.8833,75.11,29,73,6.17,BW,1645755973
182,Mahon,39.8885,4.2658,46.96,100,0,8.05,ES,1645755973
183,Huarmey,-10.0681,-78.1522,72.61,81,83,7.23,PE,1645755973
184,Grand Gaube,-20.0064,57.6608,77.4,84,100,8.28,MU,1645755974
185,High Level,58.5169,-117.136,15.91,86,0,2.3,CA,1645755974
186,Carnarvon,-24.8667,113.6333,82.47,69,9,19.57,AU,1645755975
187,Ribeira Grande,38.5167,-28.7,58.39,66,12,8.34,PT,1645755975
188,Ginda,30.6945,78.4932,32.97,68,82,7.05,IN,1645755975
189,Buraidah,26.326,43.975,66.65,49,38,10.54,SA,1645755976
190,Olafsvik,64.8945,-23.7142,27.18,70,75,14.83,IS,1645755976
191,Jiuquan,39.7432,98.5174,33.58,24,0,4.14,CN,1645755977
192,Várzea Alegre,-5.35,-40.3833,76.87,64,76,3.96,BR,1645755977
193,Bratsk,56.1325,101.6142,12.69,99,100,4.5,RU,1645755977
194,Licata,37.1071,13.9461,46.54,71,72,3.15,IT,1645755978
195,Frankenberg,51.0667,8.8,35.69,75,93,13.49,DE,1645755978
196,Nemuro,43.3236,145.575,30.63,71,36,12.46,JP,1645755979
197,Springdale,36.1867,-94.1288,25.57,95,100,11.5,US,1645755958
198,Changji,44.0167,87.3167,12.99,92,51,2.24,CN,1645755979
199,Departamento de Maldonado,-34.6667,-54.9167,71.22,96,35,4.9,UY,1645755806
200,Bandarbeyla,9.4942,50.8122,75.87,73,100,7.14,SO,1645755980
201,Rørvik,64.8621,11.2373,35.08,83,99,11.25,NO,1645755980
202,Acapulco de Juárez,16.8634,-99.8901,80.42,78,0,8.05,MX,1645755888
203,Alofi,-19.0595,-169.9187,75.09,23,100,9.22,NU,1645755981
204,Soyo,-6.1349,12.3689,79.65,84,100,3.87,AO,1645755981
205,Ketchikan,55.3422,-131.6461,35.58,86,100,3.44,US,1645755982
206,Pamekasan,-7.1568,113.4746,82.13,76,99,7.74,ID,1645755982
207,Lázaro Cárdenas,17.9583,-102.2,76.91,76,0,4.0,MX,1645755735
208,Pevek,69.7008,170.3133,-6.99,94,100,0.89,RU,1645755983
209,Avera,33.194,-82.5271,72.72,69,0,5.39,US,1645755873
210,Les Cayes,18.2,-73.75,76.01,72,37,7.09,HT,1645755983
211,Ellisras,-23.6649,27.7443,72.39,56,84,6.06,ZA,1645755983
212,Tasiilaq,65.6145,-37.6368,21.36,73,100,28.68,GL,1645755984
213,Rancho Palos Verdes,33.7445,-118.387,55.53,58,0,10.36,US,1645755896
214,Ailigandí,9.2333,-78.0167,78.26,81,49,13.02,PA,1645755984
215,Barguzin,53.6167,109.6167,17.2,91,95,6.64,RU,1645755985
216,Sinnamary,5.3833,-52.95,77.13,89,100,10.49,GF,1645755985
217,Yar-Sale,66.8333,70.8333,9.52,90,100,8.48,RU,1645755986
218,Stephenville,32.2207,-98.2023,28.74,87,100,3.0,US,1645755882
219,Salina Cruz,16.1667,-95.2,81.16,69,0,6.44,MX,1645755986
220,Ancud,-41.8697,-73.8203,57.42,87,32,6.4,CL,1645755987
221,Altay,47.8667,88.1167,16.05,67,77,5.61,CN,1645755987
222,Longyearbyen,78.2186,15.6401,-13.16,64,20,3.44,SJ,1645755987
223,Talara,-4.5772,-81.2719,72.97,82,98,4.99,PE,1645755988
224,Kupang,-10.1667,123.5833,80.01,82,100,13.82,ID,1645755988
225,Caxito,-8.5785,13.6643,75.47,95,100,4.09,AO,1645755988
226,Sisimiut,66.9395,-53.6735,-17.18,96,47,6.6,GL,1645755989
227,Provideniya,64.3833,-173.3,32.36,93,100,13.42,RU,1645755989
228,Maragogi,-9.0122,-35.2225,79.57,73,10,8.23,BR,1645755990
229,Pravda,46.9396,142.009,24.8,67,31,10.8,RU,1645755994
230,George Town,5.4112,100.3354,80.53,85,40,11.5,MY,1645755800
231,Brae,60.3964,-1.353,37.31,58,100,28.36,GB,1645755995
232,Kargopol',61.5071,38.9456,29.39,91,100,11.99,RU,1645755995
233,Bac Lieu,9.285,105.7244,83.35,60,98,21.36,VN,1645755995
234,Lavrentiya,65.5833,-171.0,31.66,99,100,13.8,RU,1645755996
235,Port Alfred,-33.5906,26.891,73.11,88,22,19.66,ZA,1645755996
236,Gander,48.9682,-54.5906,15.93,72,75,10.36,CA,1645755997
237,Laguna,38.421,-121.4238,53.89,35,0,4.61,US,1645755929
238,Nakhon Phanom,17.3333,104.4167,66.0,57,52,5.55,TH,1645755997
239,San Patricio,28.017,-97.5169,44.46,69,91,14.63,US,1645755998
240,Finschhafen,-6.6024,147.8681,85.86,71,100,7.23,PG,1645755998
241,Saskylakh,71.9167,114.0833,-19.43,97,96,2.8,RU,1645755998
242,Hobyo,5.3505,48.5268,77.56,80,65,12.62,SO,1645755999
243,Aksu,41.1231,80.2644,34.95,47,100,4.34,CN,1645755999
244,Kiryat Gat,31.61,34.7642,55.4,100,17,12.48,IL,1645755783
245,Guía de Isora,28.2115,-16.7795,61.16,70,17,4.43,ES,1645756000
246,Margate,51.3813,1.3862,40.75,73,8,5.01,GB,1645756000
247,The Pas,53.8251,-101.2541,-7.58,77,0,4.61,CA,1645756001
248,Birao,10.2849,22.7882,69.4,14,99,4.14,CF,1645756001
249,Lompoc,34.6391,-120.4579,53.13,66,0,16.11,US,1645756001
250,Port Elizabeth,-33.918,25.5701,75.09,88,40,11.5,ZA,1645756002
251,Kitimat,54.0524,-128.6534,28.78,63,24,1.34,CA,1645756002
252,Anloga,5.7947,0.8973,80.82,85,14,8.81,GH,1645756003
253,Mashhad,36.297,59.6062,39.34,81,0,4.61,IR,1645755897
254,Acaraú,-2.8856,-40.12,80.85,80,100,14.43,BR,1645756003
255,Turukhansk,65.8167,87.9833,12.38,91,100,13.51,RU,1645756003
256,Maceió,-9.6658,-35.7353,76.44,88,20,3.44,BR,1645755840
257,Vitória do Mearim,-3.4622,-44.8706,74.17,97,99,3.36,BR,1645756004
258,Muroto-misakicho,33.2833,134.15,48.24,49,0,2.01,JP,1645756004
259,Gizo Government Station,-8.103,156.8419,80.96,79,100,3.78,SB,1645756005
260,Solnechnyy,50.7214,136.6319,17.78,83,32,3.67,RU,1645756005
261,Baykalovo,57.3981,63.7684,11.75,96,95,5.53,RU,1645756006
262,Sobolevo,54.4299,31.8996,34.05,78,100,13.85,RU,1645756006
263,Mīzan Teferī,6.9833,35.5833,65.3,72,100,1.74,ET,1645756007
264,Tananger,58.9333,5.6,36.91,93,75,8.05,NO,1645756007
265,Waingapu,-9.6567,120.2641,81.68,73,100,7.4,ID,1645756008
266,Tigzirt,36.8886,4.1198,56.3,67,100,7.4,DZ,1645756008
267,Kavieng,-2.5744,150.7967,82.06,79,97,11.32,PG,1645756008
268,College,64.8569,-147.8028,31.08,86,75,0.0,US,1645755931
269,Kurtamysh,54.9103,64.4319,13.48,96,11,6.71,RU,1645756009
270,Londiani,-0.165,35.5909,53.58,83,100,4.59,KE,1645756009
271,Bermejo,-32.8833,-68.8,66.11,63,0,3.44,AR,1645756010
272,Juruti,-2.1522,-56.0922,74.55,91,92,3.38,BR,1645756010
273,Mitsamiouli,-11.3847,43.2844,81.52,80,100,6.2,KM,1645756011
274,Ilampillai,11.6,78.0,70.11,71,100,3.18,IN,1645756011
275,Beitbridge,-22.2167,30.0,72.46,55,5,13.94,ZW,1645756012
276,Quilmaná,-12.95,-76.3833,71.4,85,99,2.91,PE,1645756012
277,Sosnovo-Ozerskoye,52.5249,111.5418,12.09,83,97,10.36,RU,1645756013
278,Rawson,-43.3002,-65.1023,59.54,84,100,18.03,AR,1645756013
279,Necochea,-38.5473,-58.7368,65.03,50,1,14.34,AR,1645756013
280,Igrim,63.1906,64.4162,-3.41,99,65,4.5,RU,1645756014
281,Yokadouma,3.5167,15.05,66.69,44,29,1.43,CM,1645756014
282,Safi,32.2994,-9.2372,61.48,84,48,2.33,MA,1645756015
283,Port Hardy,50.6996,-127.4199,43.75,87,40,0.0,CA,1645755846
284,Dariba,24.95,74.1333,53.71,39,29,1.21,IN,1645756015
285,Bethel,41.3712,-73.414,31.57,50,100,4.61,US,1645755857
286,Pāvilosta,56.8879,21.1859,40.95,90,100,23.71,LV,1645756016
287,Sitka,57.0531,-135.33,42.69,70,100,4.61,US,1645756016
288,Miandrivazo,-19.5167,45.4667,76.73,86,100,2.91,MG,1645756017
289,Adrar,20.5022,-10.0711,78.13,5,100,7.58,MR,1645756017
290,Carauari,-4.8828,-66.8958,73.81,97,100,1.48,BR,1645756018
291,Severo-Kuril'sk,50.6789,156.125,27.21,66,98,30.11,RU,1645756018
292,Cidreira,-30.1811,-50.2056,75.69,80,99,20.29,BR,1645756019
293,Teacapan,22.55,-105.75,68.74,69,0,10.13,MX,1645756019
294,Naze,28.3667,129.4833,59.92,54,5,12.86,JP,1645756020
295,Lagoa,39.05,-27.9833,57.09,69,6,7.4,PT,1645756020
296,Flin Flon,54.7682,-101.865,-0.9,93,10,7.81,CA,1645756021
297,Vao,-22.6667,167.4833,79.09,78,85,13.62,NC,1645756021
298,Deputatsky,69.3,139.9,-2.36,82,100,3.36,RU,1645756022
299,Vilhena,-12.7406,-60.1458,69.48,96,21,2.77,BR,1645756022
300,Kudahuvadhoo,2.6708,72.8944,82.56,72,24,12.93,MV,1645756023
301,Henties Bay,-22.116,14.2845,65.86,87,0,7.72,NA,1645756023
302,Korla,41.7597,86.1469,32.72,43,30,1.79,CN,1645756023
303,Paamiut,61.994,-49.6678,-0.58,94,100,24.11,GL,1645756024
304,Adilabad,19.6667,78.5333,75.51,41,0,3.24,IN,1645756025
305,Puerto Escondido,15.85,-97.0667,79.27,72,0,1.72,MX,1645756025
306,San Ramon,37.7799,-121.978,51.3,57,0,11.5,US,1645755879
307,Vanavara,60.34,102.2797,4.8,98,100,3.44,RU,1645756026
308,Katangli,51.7102,143.2326,20.35,79,27,18.1,RU,1645756027
309,Quang Ngai,15.1167,108.8,66.83,88,100,7.96,VN,1645755968
310,Basco,20.4487,121.9702,72.59,78,100,24.11,PH,1645756027
311,Turan,16.0678,108.2208,71.58,64,75,2.3,VN,1645755943
312,Kamaishi,39.2667,141.8833,36.55,58,35,17.98,JP,1645756028
313,Coihueco,-36.6167,-71.8333,59.74,77,0,3.44,CL,1645756015
314,Newport,51.5877,-2.9984,44.46,74,24,1.01,GB,1645756028
315,Fethiye,36.6217,29.1164,48.07,80,99,6.44,TR,1645756029
316,Bulgan,48.8125,103.5347,8.26,82,9,2.26,MN,1645756029
317,Ixtapa,20.7,-105.2,72.63,83,0,5.75,MX,1645755923
318,Sōja,34.6667,133.75,47.39,53,40,8.05,JP,1645756030
319,Saint-Joseph,-21.3667,55.6167,73.78,87,100,5.5,RE,1645755749
320,Nogliki,51.8333,143.1667,20.79,78,23,17.56,RU,1645756031
321,Altamira,-3.2033,-52.2064,73.76,97,100,2.15,BR,1645756031
322,Dongsheng,39.8161,109.9776,30.02,28,77,12.39,CN,1645756032
323,Cayenne,4.9333,-52.3333,74.08,91,75,3.44,GF,1645756032
324,Kwang Binh,17.4833,106.6,60.71,84,100,8.63,VN,1645756033
325,Atambua,-9.1061,124.8925,76.89,85,99,9.35,ID,1645756034
326,Tual,-5.6667,132.75,82.04,76,100,15.21,ID,1645756035
327,Örnsköldsvik,63.2909,18.7153,10.22,96,100,2.51,SE,1645756035
328,Alghero,40.5589,8.3181,37.49,100,40,1.14,IT,1645756035
329,Whitehorse,60.7161,-135.0538,25.57,68,75,16.11,CA,1645756036
330,Samarinda,-0.5,117.15,77.49,88,100,2.93,ID,1645756036
331,Gazalkent,41.5581,69.7708,37.76,84,100,4.41,UZ,1645756037
332,Kiri Buru,22.0833,85.35,69.69,49,48,2.01,IN,1645756037
333,Gafanha da Encarnação,40.6181,-8.733,56.88,69,100,5.73,PT,1645756038
334,Pierre,44.3683,-100.351,-1.71,84,0,5.01,US,1645755977
335,Touros,-5.1989,-35.4608,81.5,71,1,14.67,BR,1645756038
336,Jalalpur Jattan,32.6374,74.2183,51.67,82,40,4.61,PK,1645756039
337,Pandan,14.0453,124.1694,79.84,80,96,17.74,PH,1645756039
338,Chimoré,-16.9833,-65.1333,72.73,99,100,2.46,BO,1645756039
339,San Jose,37.3394,-121.895,53.31,62,75,14.97,US,1645755871
340,The Valley,18.217,-63.0578,76.86,73,20,5.75,AI,1645756040
341,Kâhta,37.7855,38.6237,51.17,84,100,16.98,TR,1645756040
342,Sheopur,25.6667,76.7,62.85,55,0,5.7,IN,1645756041
343,Coquimbo,-29.9533,-71.3436,64.13,82,0,1.14,CL,1645755804
344,Takaka,-40.85,172.8,65.55,67,50,5.35,NZ,1645756042
345,Ekibastuz,51.6667,75.3667,25.03,92,100,10.16,KZ,1645755905
346,Sabang,5.8933,95.3214,82.13,75,100,22.79,ID,1645756042
347,Fare,-16.7,-151.0167,81.45,74,2,13.44,PF,1645756043
348,Safford,32.834,-109.7076,47.07,22,0,4.61,US,1645755946
349,Coyhaique,-45.5752,-72.0662,57.81,77,75,4.61,CL,1645755842
350,Comodoro Rivadavia,-45.8667,-67.5,62.46,77,0,1.14,AR,1645756044
351,Guangyuan,32.442,105.823,48.43,59,28,1.57,CN,1645756044
352,Cap Malheureux,-19.9842,57.6142,77.49,84,100,7.38,MU,1645756045
353,Prince Rupert,54.3161,-130.3201,38.89,80,0,8.05,CA,1645756045
354,Agudos,-22.4692,-48.9875,71.15,93,70,4.23,BR,1645756046
355,Yangi Marg`ilon,40.4272,71.7189,47.12,57,75,4.61,UZ,1645756046
356,Xinpu,34.5997,119.1594,46.62,43,0,9.04,CN,1645756047
357,Lata,40.1629,-8.3327,55.72,59,100,4.03,PT,1645756047
358,Verkhnevilyuysk,63.4453,120.3167,-5.17,94,97,8.34,RU,1645756047
359,Cariati,39.4922,16.9594,37.27,47,25,3.87,IT,1645756048
360,Portland,45.5234,-122.6762,39.61,76,20,4.61,US,1645755999
361,Putina,-15.4667,-69.4333,46.72,77,100,9.33,PE,1645756048
362,Gold Coast,-28.0,153.4333,75.45,93,100,19.26,AU,1645756049
363,Broken Hill,-31.95,141.4333,87.51,37,40,20.71,AU,1645756049
364,Pervomayskiy,53.2485,40.2871,11.01,98,77,4.76,RU,1645756050
365,Tuatapere,-46.1333,167.6833,67.82,59,29,7.49,NZ,1645756051
366,Waipawa,-41.4122,175.5153,64.92,59,58,7.92,NZ,1645756051
367,Mount Vernon,40.9126,-73.8371,34.18,48,100,11.5,US,1645755942
368,Hasaki,35.7333,140.8333,50.4,27,2,7.83,JP,1645756052
369,Achit,56.7985,57.8994,22.6,97,99,5.21,RU,1645756052
370,Dauphin,51.1494,-100.0502,-2.06,50,0,8.05,CA,1645756053
371,Rocha,-34.4833,-54.3333,65.64,98,69,5.28,UY,1645756053
372,Monrovia,6.3005,-10.7969,79.32,87,81,6.04,LR,1645756053
373,São João da Barra,-21.6403,-41.0511,74.35,93,0,5.95,BR,1645756054
374,Kieta,-6.2167,155.6333,84.13,72,100,5.1,PG,1645756054
375,Uchkent,43.1143,47.0826,43.14,81,8,10.56,RU,1645756055
376,Ossora,59.2353,163.0719,17.17,77,100,8.55,RU,1645756055
377,Conceição da Barra,-18.5933,-39.7322,76.08,92,7,6.11,BR,1645756056
378,Benghazi,32.1167,20.0667,56.57,64,93,13.44,LY,1645756056
379,Kovdor,67.5662,30.4758,28.24,88,100,14.38,RU,1645756057
380,Dawei,14.0833,98.2,78.64,46,1,5.86,MM,1645756057
381,Kulhudhuffushi,6.6221,73.07,81.55,73,10,9.84,MV,1645756058
382,Windhoek,-22.5594,17.0832,64.11,41,0,5.75,NA,1645756058
383,Bend,44.0582,-121.3153,26.46,84,100,6.91,US,1645756059
384,Nelson Bay,-32.7167,152.15,82.09,72,99,3.0,AU,1645756059
385,Linxia Chengguanzhen,35.6003,103.2064,27.88,54,100,1.43,CN,1645756059
386,Muros,42.7762,-9.0603,52.23,75,26,18.52,ES,1645756060
387,Hithadhoo,-0.6,73.0833,82.26,69,4,8.19,MV,1645756061
388,Raglan,-37.8,174.8833,81.09,55,1,5.46,NZ,1645756061
389,Shache,38.4167,77.2406,31.71,44,100,1.01,CN,1645756062
390,Bariloche,-41.1456,-71.3082,53.35,76,75,13.8,AR,1645756062
391,San Quintín,30.4833,-115.95,48.43,44,0,10.11,MX,1645756063
392,Filingué,14.3521,3.3168,72.61,14,0,10.16,NE,1645756063
393,Mawlaik,23.6333,94.4167,67.68,47,1,2.66,MM,1645756064
394,Lebu,-37.6167,-73.65,57.52,94,5,0.87,CL,1645756064
395,Rognan,67.0953,15.3878,35.06,88,100,2.75,NO,1645756064
396,Porto Walter,-8.2686,-72.7439,73.33,96,79,2.1,BR,1645756065
397,Palmer,42.1584,-72.3287,29.7,47,100,3.44,US,1645756065
398,Loveland,40.3978,-105.075,20.26,63,0,1.01,US,1645756066
399,Garoowe,8.4054,48.4845,68.2,85,97,6.91,SO,1645756066
400,Kalmunai,7.4167,81.8167,78.96,76,81,10.58,LK,1645756067
401,Ngunguru,-35.6167,174.5,74.16,65,0,11.39,NZ,1645756067
402,Fort Nelson,58.8053,-122.7002,22.59,93,20,2.3,CA,1645756067
403,Bambanglipuro,-7.95,110.2833,81.43,72,92,6.96,ID,1645756068
404,Yarmouth,41.7057,-70.2286,32.14,67,100,5.75,US,1645756068
405,Champerico,14.3,-91.9167,81.36,71,5,9.53,GT,1645756069
406,Adelaide,-34.9333,138.6,85.05,49,0,11.5,AU,1645755894
407,Neiafu,-18.65,-173.9833,81.28,89,75,5.75,TO,1645756069
408,Ucluelet,48.9329,-125.5528,39.09,80,2,5.53,CA,1645755915
409,Farafangana,-22.8167,47.8333,76.01,93,100,4.63,MG,1645756070
410,Asău,46.4333,26.4,31.95,79,3,4.79,RO,1645756070
411,Strezhevoy,60.7333,77.5889,26.58,93,100,17.25,RU,1645756071
412,Zemetchino,53.4973,42.6163,15.96,100,93,4.74,RU,1645756071
413,Husavik,66.0449,-17.3389,12.11,94,63,12.84,IS,1645756072
414,Santa Rosa del Sur,7.9644,-74.0544,73.6,70,26,3.85,CO,1645756072
415,Rokupr,8.6717,-12.395,75.74,85,89,2.1,SL,1645756072
416,Makakilo City,21.3469,-158.0858,80.56,53,0,13.8,US,1645756073
417,Myronivka,49.6601,30.9823,36.75,80,100,4.52,UA,1645756073
418,Parabel',58.6978,81.4825,26.89,92,100,14.23,RU,1645756074
419,Changde,29.0464,111.6783,48.34,72,0,4.56,CN,1645756074
420,Hokitika,-42.7167,170.9667,66.85,59,2,10.25,NZ,1645756075
421,Tymovskoye,50.8456,142.655,22.28,74,66,9.31,RU,1645756075
422,Prudy,57.5738,46.2718,14.13,94,23,6.76,RU,1645756075
423,Ozernovskiy,51.5,156.5167,19.69,90,100,6.96,RU,1645756076
424,Monterey,36.2505,-121.2516,46.6,29,0,9.04,US,1645756077
425,Grove City,39.8815,-83.093,34.52,95,100,10.36,US,1645756077
426,Ojuelos de Jalisco,21.8667,-101.5833,60.53,53,68,15.35,MX,1645756077
427,Sar-e Pul,35.8333,66.1667,27.68,63,1,8.41,AF,1645756078
428,Cururupu,-1.8283,-44.8683,74.93,97,64,3.44,BR,1645756078
429,Roshchino,60.2519,29.6085,34.23,86,100,14.43,RU,1645756079
430,Saint-Augustin,51.226,-58.6502,-4.52,77,54,14.7,CA,1645756079
431,Riyadh,24.6877,46.7219,62.74,20,72,10.42,SA,1645755802
432,Leh,34.1667,77.5833,9.72,94,100,1.07,IN,1645756080
433,Zimmi,7.3153,-11.3061,74.52,97,100,1.43,SL,1645756080
434,Ugoofaaru,5.6667,73.0,81.72,76,17,14.65,MV,1645756081
435,Casino,-28.8667,153.05,76.95,83,100,14.97,AU,1645756081
436,Kaoma,-14.7833,24.8,62.46,88,24,4.05,ZM,1645756082
437,Vardø,70.3705,31.1107,28.54,79,55,15.5,NO,1645756082
438,Ürümqi,43.801,87.6005,9.55,92,31,2.24,CN,1645756083
439,Kenora,49.8167,-94.4337,-3.03,65,0,4.61,CA,1645756083
440,Pangai,-19.8,-174.35,82.51,78,75,8.05,TO,1645756084
441,Tautira,-17.7333,-149.15,86.02,78,71,13.15,PF,1645756084
442,Tailai,46.3833,123.4,19.65,74,46,6.55,CN,1645756085
443,Porbandar,21.6422,69.6093,69.6,63,0,7.96,IN,1645756085
444,Ilebo,-4.3167,20.5833,69.98,100,100,1.59,CD,1645756085
445,Russkiy,43.0147,131.8642,28.26,71,4,1.16,RU,1645756086
446,Vestmannaeyjar,63.4427,-20.2734,36.82,79,96,22.75,IS,1645756086
447,Dossor,47.5272,52.9811,41.85,64,98,4.76,KZ,1645756087
448,Itoman,26.1247,127.6694,64.42,47,75,11.5,JP,1645756087
449,Aktas,49.7789,72.9608,15.75,94,90,5.21,KZ,1645756088
450,Khovd,48.0056,91.6419,1.29,72,32,2.26,MN,1645756088
451,Eloy,32.7559,-111.5548,51.53,49,0,8.12,US,1645756089
452,Khingansk,49.1167,131.1833,18.81,92,99,4.63,RU,1645756089
453,Doctor Arroyo,23.6667,-100.1833,68.09,43,0,6.78,MX,1645756090
454,Najrān,17.4924,44.1277,57.85,25,6,1.41,SA,1645756090
455,Pangnirtung,66.1451,-65.7125,-28.03,100,100,0.43,CA,1645756090
456,Motygino,58.1831,94.7592,18.16,96,100,3.22,RU,1645756091
457,Hinton,53.4001,-117.5857,24.84,92,39,5.26,CA,1645756091
458,Berlevåg,70.8578,29.0864,28.83,75,99,14.74,NO,1645756092
459,Tyler,32.3513,-95.3011,34.99,93,100,13.8,US,1645756089
460,Lopatino,52.6195,45.8118,13.14,99,57,2.04,RU,1645756092
461,Brezniţa Ocol,44.6667,22.6183,36.84,66,78,3.49,RO,1645756093
462,Cerritos,33.8583,-118.0648,56.91,45,20,11.5,US,1645755965
463,Anadyr,64.75,177.4833,19.9,92,75,2.24,RU,1645756093
464,Selikhino,50.3672,137.4996,14.58,90,100,12.21,RU,1645756094
465,Aquin,18.2833,-73.4,76.3,75,27,1.83,HT,1645756094
466,Cartagena,10.3997,-75.5144,78.42,73,0,12.66,CO,1645756095
467,Alice Springs,-23.7,133.8833,96.22,43,1,8.05,AU,1645756095
468,Novy Urengoy,66.0833,76.6333,16.07,96,100,7.94,RU,1645756095
469,San Vicente,-26.6167,-54.1333,66.11,98,20,2.75,AR,1645756096
470,Methóni,36.8197,21.7049,48.22,52,0,4.45,GR,1645756096
471,Zhigansk,66.7697,123.3711,-2.87,94,100,17.22,RU,1645756097
472,Monroe,43.1501,-77.6831,23.2,75,0,11.5,US,1645756040
473,Ippy,6.2679,21.2247,73.08,19,3,5.12,CF,1645756097
474,Khilok,51.3674,110.4676,15.24,84,85,12.26,RU,1645756098
475,Havre-St-Pierre,50.2334,-63.5986,10.99,51,0,12.66,CA,1645756098
476,Lakselv,70.0513,24.9718,21.02,79,75,4.61,NO,1645756099
477,Guerrero Negro,27.9769,-114.0611,60.62,48,40,13.69,MX,1645756099
478,Codrington,-38.2667,141.9667,66.56,54,5,18.3,AU,1645756100
479,La Carlota,10.4233,122.9208,85.59,57,81,13.27,PH,1645756100
480,Esna,25.2934,32.554,53.62,63,0,7.31,EG,1645756101
481,Bogovarovo,58.9785,47.0246,16.14,94,62,8.93,RU,1645756101
482,Launceston,-41.45,147.1667,74.84,46,75,17.27,AU,1645756101
483,Hamina,60.5697,27.1979,36.68,92,100,19.33,FI,1645756102
484,Ulaanbaatar,47.9077,106.8832,14.13,67,47,0.0,MN,1645756102
485,Jucás,-6.5253,-39.5275,71.4,90,54,2.53,BR,1645756103
486,Samarai,-10.6167,150.6667,84.38,72,86,9.69,PG,1645756103
487,Sept-Îles,50.2001,-66.3821,2.05,68,0,5.01,CA,1645756104
488,Latung,5.5,120.8833,82.08,73,100,12.19,PH,1645756104
489,Dubbo,-32.25,148.6167,80.73,61,100,11.5,AU,1645755880
490,Zhangye,38.9342,100.4517,31.44,31,0,4.7,CN,1645756105
491,Kasongo,-4.45,26.6667,64.29,98,75,1.86,CD,1645756105
492,Abnūb,27.2696,31.1511,52.02,71,0,5.88,EG,1645756106
493,Tabuny,52.7773,78.7896,25.09,93,100,9.33,RU,1645756106
494,Vila Franca do Campo,37.7167,-25.4333,58.19,80,93,7.2,PT,1645756107
495,Assiut,27.181,31.1837,51.98,72,0,6.04,EG,1645756107
496,Lady Frere,-31.7031,27.2329,62.55,92,68,2.51,ZA,1645756107
497,Bacungan,9.9106,118.7022,84.85,64,96,6.46,PH,1645756108
498,Dergachi,51.2328,48.7659,26.55,99,100,5.37,RU,1645756108
499,Starodzhereliyevskaya,45.476,38.2968,45.28,81,100,8.39,RU,1645756109
500,Kem',64.9555,34.5793,34.29,77,100,17.83,RU,1645756109
501,Morondava,-20.2833,44.2833,78.12,84,44,2.39,MG,1645756110
502,Wanaka,-44.7,169.15,74.1,38,0,1.99,NZ,1645756110
503,Vostok,46.4856,135.8833,18.99,86,100,6.2,RU,1645756110
504,Pattoki,31.0167,73.85,52.38,71,15,6.22,PK,1645756111
505,Wyndham,37.6985,-77.6125,37.98,79,100,8.99,US,1645756111
506,Salalah,17.0151,54.0924,69.89,68,0,1.14,OM,1645756112
507,Jūrmala,56.968,23.7704,37.42,75,75,18.41,LV,1645756112
508,Suntar,62.1444,117.6319,-5.01,89,10,7.7,RU,1645756112
509,Nicoya,10.1483,-85.452,80.15,61,5,6.67,CR,1645756113
510,Sechura,-5.5569,-80.8222,74.75,71,100,10.54,PE,1645756113
511,La Santisima Trinidad,-14.8333,-64.9,74.43,97,100,3.29,BO,1645756114
512,Shaping,22.7545,112.9565,57.94,56,0,6.29,CN,1645756114
513,Mayo,38.8876,-76.5119,34.95,90,100,8.01,US,1645756115
514,Xiaoyi,34.6178,109.703,48.42,47,4,2.21,CN,1645756115
515,Jining,35.405,116.5814,48.49,42,0,12.12,CN,1645756116
516,Copiapó,-27.3667,-70.3333,68.61,58,0,2.57,CL,1645755909
517,Sheridan,44.8333,-106.9173,14.65,69,75,5.75,US,1645756116
518,Qeshm,26.9581,56.2719,60.67,71,0,1.14,IR,1645756117
519,Danielskuil,-28.1887,23.5395,67.21,30,4,4.85,ZA,1645756117
520,Alpena,45.0617,-83.4327,19.54,75,100,7.0,US,1645756118
521,Port Lincoln,-34.7333,135.8667,69.13,64,71,18.01,AU,1645756118
522,Vila Velha,-20.3297,-40.2925,77.95,88,75,2.3,BR,1645756119
523,Gamba,-2.65,10.0,78.37,84,100,2.33,GA,1645756119
524,Kutum,14.2,24.6667,54.97,22,6,8.12,SD,1645756120
525,Aykhal,66.0,111.5,-13.56,100,100,6.8,RU,1645756120
526,Haines Junction,60.7522,-137.5108,22.95,68,95,2.3,CA,1645756120
527,Dembī Dolo,8.5333,34.8,64.54,39,100,3.62,ET,1645756121
528,Kampot,10.6167,104.1833,78.85,58,100,15.23,KH,1645756023
529,Tambopata,-12.7333,-69.1833,73.58,98,95,1.39,PE,1645756121
530,Seymchan,62.8833,152.4333,-6.18,95,100,8.63,RU,1645756122
531,Kamenka,51.3223,42.7678,17.74,96,83,7.18,RU,1645756122
532,Skjervøy,70.0311,20.9714,27.46,92,100,8.61,NO,1645756123
533,Panacan,9.2463,118.4082,83.8,70,100,15.73,PH,1645756123
534,Boyabat,41.4689,34.7667,47.3,95,100,3.42,TR,1645756124
535,Sungai Penuh,-2.0833,101.3833,74.91,53,79,1.34,ID,1645756124
536,Ajdabiya,30.7554,20.2263,56.44,65,99,11.16,LY,1645756124
537,Edinburgh,55.9521,-3.1965,38.77,84,75,8.05,GB,1645756125
538,Antalaha,-14.9003,50.2788,75.02,93,100,5.17,MG,1645756126
539,Carlsbad,33.1581,-117.3506,57.63,45,0,9.22,US,1645755924
540,Aloleng,16.1307,119.7824,84.47,58,2,6.76,PH,1645756126
541,Dhidhdhoo,6.8833,73.1,81.59,73,13,9.8,MV,1645756127
542,Merauke,-8.4667,140.3333,80.1,81,100,15.08,ID,1645756127
543,Iwanai,42.9744,140.5089,32.9,81,100,15.88,JP,1645756128
544,Rosetta,31.4044,30.4164,49.82,84,99,24.52,EG,1645756128
545,Bordighera,43.7806,7.6645,50.14,61,55,5.61,IT,1645756129
546,Oakdale,44.963,-92.9649,12.85,84,100,6.91,US,1645755907
547,Ninghai,29.2892,121.4247,51.73,61,6,4.29,CN,1645756129
548,Innisfail,-17.5333,146.0333,86.4,65,69,6.29,AU,1645756129
549,Nizhnyaya Tavda,57.6731,66.1725,10.26,98,98,4.68,RU,1645756130
550,Chokwé,-24.5333,32.9833,69.24,95,4,5.12,MZ,1645756130
551,Quelimane,-17.8786,36.8883,78.75,83,75,0.0,MZ,1645756131
552,Kahului,20.8947,-156.47,84.22,64,40,17.27,US,1645756131
553,Gimli,50.6336,-96.9907,-9.38,77,23,5.75,CA,1645756131
554,Praia da Vitória,38.7333,-27.0667,56.75,88,40,11.03,PT,1645756132
555,Kununurra,-15.7667,128.7333,89.58,58,75,8.05,AU,1645756132
556,Borzya,50.3833,116.5167,14.02,86,44,14.67,RU,1645756133
557,Camacha,33.0833,-16.3333,57.96,82,75,12.66,PT,1645756133
558,Houston,29.7633,-95.3633,41.0,87,100,16.11,US,1645755981
559,Canutama,-6.5339,-64.3831,73.98,97,96,2.98,BR,1645756134
560,Batagay,67.6333,134.6333,-6.97,97,100,2.3,RU,1645756134
561,Peniche,39.3558,-9.3811,58.48,90,100,6.22,PT,1645756135
562,Chulym,55.0997,80.9572,28.96,93,100,14.45,RU,1645756135
563,Bilibino,68.0546,166.4372,9.81,83,100,4.14,RU,1645756136
564,Sur,22.5667,59.5289,70.61,60,88,3.11,OM,1645756136
565,Kruisfontein,-34.0033,24.7314,72.88,97,57,5.23,ZA,1645756137
566,Mersing,2.4312,103.8405,76.91,94,20,5.75,MY,1645756137
567,Itarema,-2.9248,-39.9167,81.01,79,94,14.03,BR,1645756138
568,Micheweni,-4.9667,39.8333,80.08,83,100,9.53,TZ,1645756138
569,Inuvik,68.3499,-133.7218,5.86,61,100,4.61,CA,1645756139
570,Shingū,33.7333,135.9833,47.39,27,0,1.28,JP,1645756139
571,Paraguaçu,-21.5472,-45.7375,68.02,91,44,4.09,BR,1645756131
572,Jacareacanga,-6.2222,-57.7528,73.6,93,100,1.95,BR,1645756140
573,Medvedka,61.1629,46.387,23.27,86,100,13.2,RU,1645756140
574,Morazán,15.3167,-87.6,74.97,97,35,2.21,HN,1645756140
575,Tommot,58.9564,126.2925,19.31,90,100,9.73,RU,1645756141
576,Tabuk,17.4189,121.4443,72.21,90,100,4.68,PH,1645756141
577,Presidente Epitácio,-21.7633,-52.1156,78.71,74,46,6.58,BR,1645756142
578,Mehamn,71.0357,27.8492,28.18,93,81,16.78,NO,1645756142
579,Olinda,-8.0089,-34.8553,82.13,74,40,6.91,BR,1645756143
580,Coro,11.4045,-69.6734,75.15,84,75,13.38,VE,1645756143
581,Raudeberg,61.9875,5.1352,38.07,93,93,15.59,NO,1645756143
582,Ordzhonīkīdze,52.4411,61.7408,17.47,97,50,7.52,KZ,1645756144
583,Cedral,23.8,-100.7333,70.68,37,1,11.27,MX,1645756144
584,Barkhan,29.8977,69.5256,52.5,37,0,1.54,PK,1645756145
585,Iqaluit,63.7506,-68.5145,-25.87,68,100,16.11,CA,1645756145
586,Kismayo,-0.3582,42.5454,77.47,87,100,10.0,SO,1645756146
587,Vila,42.0304,-8.1588,43.34,83,100,7.16,PT,1645756146
588,Ilulissat,69.2167,-51.1,-23.22,95,100,2.89,GL,1645756147
589,Warri,5.5167,5.75,78.69,88,7,1.05,NG,1645756147
590,Terdāl,16.5,75.05,71.98,35,42,4.09,IN,1645756147
591,Yicheng,31.3705,119.8703,44.13,59,0,11.72,CN,1645756148
592,Alta Floresta,-9.8756,-56.0861,73.76,94,98,2.28,BR,1645756148
593,Puerto Palomas,31.7667,-107.6167,43.93,22,2,8.9,MX,1645756149
594,Moyale,3.5167,39.0584,70.92,50,100,5.82,KE,1645756149
595,Mahon,39.8885,4.2658,46.96,100,0,8.05,ES,1645756150
596,Gladstone,-23.85,151.25,87.73,51,75,6.91,AU,1645756150
597,Trairi,-3.2778,-39.2689,78.49,87,98,9.4,BR,1645756150
598,Namatanai,-3.6667,152.4333,81.84,79,89,6.69,PG,1645756151
599,Dromolaxia,34.8761,33.586,54.99,87,40,4.61,CY,1645756151
600,Hanmer Springs,-42.5167,172.8167,68.76,52,8,6.04,NZ,1645756152
601,Obo,5.3998,26.4869,69.28,22,93,3.2,CF,1645756152
602,Ardabil,38.2498,48.2933,24.35,100,0,0.0,IR,1645756153
603,Qaqortoq,60.7167,-46.0333,23.5,85,100,7.78,GL,1645756151
604,Ndola,-12.9587,28.6366,60.91,97,100,2.89,ZM,1645756153
605,Bom Jesus do Galho,-19.8289,-42.3161,72.19,92,3,3.33,BR,1645756154
606,Moultrie,31.1799,-83.7891,70.83,73,0,3.44,US,1645755857
607,Senador José Porfírio,-2.5908,-51.9542,74.21,96,100,3.15,BR,1645756154
608,Te Karaka,-38.4654,177.8679,63.95,75,97,5.28,NZ,1645756155
609,Hillsborough,37.5741,-122.3794,52.2,70,75,13.8,US,1645756155
610,Richards Bay,-28.783,32.0377,69.69,89,5,6.67,ZA,1645756156
611,Davila,18.4726,120.5763,84.18,78,20,24.11,PH,1645756156
612,Loudi,27.7344,111.9944,46.4,71,10,3.04,CN,1645756156
613,Port Macquarie,-31.4333,152.9167,78.89,85,100,12.26,AU,1645755867
614,San Jose de Guanipa,8.8872,-64.1651,78.78,61,77,11.79,VE,1645756157
615,Shelburne,44.0787,-80.2041,16.75,69,98,10.38,CA,1645756157
616,Karratha,-20.7377,116.8463,101.8,25,11,4.27,AU,1645756158
617,Seara,41.1818,-7.8003,53.71,72,100,7.02,PT,1645756158
618,Northallerton,54.339,-1.4324,40.12,75,20,19.57,GB,1645756159
619,Neo Monastiri,39.2333,22.25,43.02,60,0,3.06,GR,1645756159
620,Yulara,-25.2406,130.9889,91.24,22,0,12.66,AU,1645756160
621,Valparaíso,-33.0393,-71.6273,67.64,55,0,5.75,CL,1645756160
622,Malīhābād,26.9167,80.7167,60.71,69,1,3.44,IN,1645756161
623,Bar Harbor,44.3876,-68.2039,20.26,42,0,7.0,US,1645756161
624,Ostrovnoy,68.0531,39.5131,30.85,81,59,26.13,RU,1645756162
625,Rochegda,62.8,43.25,28.94,92,100,11.63,RU,1645756162
626,Eqbālīyeh,35.3022,51.5358,57.02,43,0,4.7,IR,1645756163
627,Mfou,3.7159,11.6427,71.46,94,40,6.91,CM,1645756163
628,Vazante,-17.9869,-46.9078,70.92,75,73,2.57,BR,1645756164
629,Marsh Harbour,26.5412,-77.0636,73.2,68,0,16.24,BS,1645756164
630,Tamandaré,-8.7597,-35.1047,79.18,74,9,7.49,BR,1645756164
631,Langham,52.3668,-106.9679,-4.99,98,7,5.03,CA,1645756165
632,Bridgetown,13.1,-59.6167,77.49,83,40,12.66,BB,1645755907
633,Tungor,53.3808,142.9564,17.29,83,27,18.21,RU,1645756165
634,Luzino,54.9481,73.0353,19.17,93,0,6.71,RU,1645756166
635,Orlik,52.5178,99.825,-4.04,94,73,2.71,RU,1645756167
636,Southbridge,42.0751,-72.0334,29.19,44,12,1.99,US,1645756167
637,Liberty,31.8335,-81.5004,70.05,77,0,3.0,US,1645756167
638,Bone,51.9669,12.1396,38.25,79,8,13.96,DE,1645756168
639,Lesozavodsk,45.4794,133.4244,20.43,85,12,10.96,RU,1645756168
640,Kuching,1.55,110.3333,79.02,83,40,2.3,MY,1645756169
641,Jacqueville,5.2052,-4.4146,80.51,89,15,6.89,CI,1645756169
642,Osypenko,46.9136,36.8253,39.83,89,100,16.44,UA,1645756170
643,Ous,60.9058,61.5186,4.5,95,5,4.0,RU,1645756170
644,Biak,-0.9131,122.8766,83.64,60,99,6.93,ID,1645756171
645,Esso,55.9333,158.7,8.64,85,100,7.0,RU,1645756171
646,Mauá,-23.6678,-46.4614,74.07,83,36,3.58,BR,1645756172
647,Eskişehir,39.7767,30.5206,35.51,93,100,11.5,TR,1645756172
648,Paita,-5.0892,-81.1144,73.18,79,100,6.64,PE,1645756172
649,Pringsewu,-5.3582,104.9744,80.85,76,100,1.66,ID,1645756173
650,Monywa,22.1167,95.1333,71.51,37,0,7.29,MM,1645756173
651,Inírida,3.8653,-67.9239,74.26,95,91,2.66,CO,1645756174
652,Swellendam,-34.0226,20.4417,71.06,90,99,3.09,ZA,1645756174
653,Räpina,58.0981,27.4636,32.05,78,100,16.46,EE,1645756175
654,Assiniboia,49.6334,-105.9845,-11.29,70,18,5.75,CA,1645756175
655,Znamenskoye,57.1281,73.8282,27.52,88,100,7.94,RU,1645756176
656,Khuzdar,27.7384,66.6434,55.54,29,25,4.23,PK,1645756176
657,Durango,24.8333,-104.8333,60.96,22,5,9.01,MX,1645755961
658,Cookeville,36.1628,-85.5016,64.11,94,75,8.05,US,1645756177
659,Kiama,-34.6833,150.8667,73.58,94,100,1.01,AU,1645756177
660,Hoshangābād,22.75,77.7167,64.36,45,3,5.19,IN,1645756177
661,Lander,42.833,-108.7307,14.81,63,100,6.91,US,1645756178
662,Timizart,36.8,4.2667,53.24,56,100,4.83,DZ,1645756178
663,Manakara,-22.1333,48.0167,75.67,94,100,4.7,MG,1645756179
664,Sāveh,35.0213,50.3566,51.8,55,0,2.55,IR,1645756179
665,Hwange,-18.3693,26.5019,64.8,76,0,1.43,ZW,1645756180
666,Manavālakurichi,8.1333,77.3,80.69,73,5,8.79,IN,1645756180
667,Noumea,-22.2763,166.4572,86.0,99,100,16.42,NC,1645756181
668,Wanning,18.8003,110.3967,59.59,83,100,10.92,CN,1645756181
669,Lethem,3.3803,-59.7968,77.59,82,99,7.81,GY,1645756182
670,Bereda,43.2686,-7.5406,46.99,90,100,8.28,ES,1645756182
671,Chuchkovo,54.2693,41.4465,22.33,95,90,5.91,RU,1645756183
672,Port Shepstone,-30.7414,30.455,74.05,73,57,2.08,ZA,1645756183
673,Srednekolymsk,67.45,153.6833,-9.18,95,100,6.26,RU,1645756183
674,Alugan,12.2188,125.4808,81.28,72,100,14.23,PH,1645756184
675,Senador Guiomard,-10.1522,-67.7392,74.95,94,100,3.31,BR,1645756184
676,Carutapera,-1.195,-46.02,76.33,94,49,6.85,BR,1645756185
677,Oranjemund,-28.55,16.4333,62.56,97,21,8.97,NA,1645756185
678,Omboué,-1.5746,9.2618,78.8,84,73,3.33,GA,1645756186
679,Imbituba,-28.24,-48.6703,78.69,86,44,7.49,BR,1645756186
680,Venado Tuerto,-33.7456,-61.9688,68.77,46,0,8.25,AR,1645756187
681,Yagodnoye,62.55,149.6667,-1.53,96,100,5.23,RU,1645756187
682,Meadow Lake,34.8014,-106.5436,37.11,31,0,8.79,US,1645756188
683,Kodinsk,58.6881,99.1844,6.31,100,100,4.85,RU,1645756188
684,Lanzhou,36.0564,103.7922,36.68,55,100,2.13,CN,1645756189
685,Takoradze,4.8845,-1.7554,78.89,90,64,5.7,GH,1645756189
686,Pitimbu,-7.4706,-34.8086,79.39,71,10,12.33,BR,1645756190
687,Aswān,24.0934,32.907,54.7,40,0,8.05,EG,1645756190
688,Khudumelapye,-23.8833,24.75,69.48,47,9,6.11,BW,1645756191
689,Wakefield,53.6809,-1.499,42.58,82,14,19.91,GB,1645756191
690,Pimenteiras,-6.2453,-41.4192,77.58,65,49,0.87,BR,1645756192
691,Mutoko,-17.397,32.2268,59.7,95,2,1.59,ZW,1645756192
692,Baykit,61.67,96.37,11.44,96,100,3.36,RU,1645756192
693,Rabo de Peixe,37.8,-25.5833,57.27,95,75,4.61,PT,1645756193
694,Ilorin,8.5,4.55,78.12,64,5,6.85,NG,1645756193
695,Sunnyside,46.3237,-120.0087,30.78,72,0,6.91,US,1645756194
696,Zyryanka,65.75,150.85,-8.27,97,100,15.5,RU,1645756194
